{
  "baseline": {
    "mAP50": 0.8685238382715413,
    "mAP50_95": 0.7210568900283827,
    "precision": 0.9370201302965485,
    "recall": 0.7901329108559324,
    "f1": 0.8573304454685596
  },
  "improved": {
    "mAP50": 0.9014529701779703,
    "mAP50_95": 0.7227516363133997,
    "precision": 0.924516064689546,
    "recall": 0.8894829567811677,
    "f1": 0.9066612198555953
  }
}